<?xml version="1.0" encoding="UTF-8" standalone="yes"?>
<ns2:test-suite start="1508858077884" stop="1508858090525" version="1.4.16" xmlns:ns2="urn:model.allure.qatools.yandex.ru">
    <name>Http_Tool_Suite</name>
    <title>Http_Tool_Suite</title>
    <test-cases>
        <test-case start="1508858079961" stop="1508858081338" status="passed">
            <name>TAF_HTTP_Tool_Functional_016</name>
            <title>Verify HttpResponse when using HTTP tool with basic authentication</title>
            <description type="text">Compare Response code to expected response code, after making request generated using RequestBuilder and basic authentication.
</description>
            <steps>
                <step start="1508858079961" stop="1508858079961" status="passed">
                    <name>@BeforeSuite: installHttpBin</name>
                    <attachments/>
                    <steps/>
                </step>
                <step start="1508858079961" stop="1508858079961" status="passed">
                    <name>@BeforeMethod: setUp</name>
                    <attachments/>
                    <steps/>
                </step>
                <step start="1508858080285" stop="1508858080423" status="passed">
                    <name>instantiateHttpTool</name>
                    <title>instantiateHttpTool</title>
                    <attachments>
                        <attachment title="log.txt" source="9c63afa0-d7a7-439e-87c0-7b3859759e5e-attachment.txt" type="text/plain"/>
                    </attachments>
                    <steps/>
                </step>
                <step start="1508858080427" stop="1508858080925" status="passed">
                    <name>authenticateWrongCredentials</name>
                    <title>authenticateWrongCredentials</title>
                    <attachments/>
                    <steps/>
                </step>
                <step start="1508858080926" stop="1508858081311" status="passed">
                    <name>authenticate</name>
                    <title>authenticate</title>
                    <attachments/>
                    <steps/>
                </step>
            </steps>
            <attachments>
                <attachment title="log.txt" source="0bef3a99-6e24-41b3-aa2d-07b1a25ec443-attachment.txt" type="text/plain"/>
            </attachments>
            <labels>
                <label name="host" value="elx75030y62"/>
                <label name="thread" value="Http_Tool_Suite.1"/>
                <label name="story" value="CIP-613: As  a developer I want to design Test Case so it can be executed using REST"/>
                <label name="sprint"/>
                <label name="group" value="Functional Tests"/>
                <label name="feature" value="Other"/>
                <label name="severity" value="blocker"/>
                <label name="execution_type" value="automated"/>
                <label name="testId" value="TAF_HTTP_Tool_Functional_016"/>
            </labels>
        </test-case>
        <test-case start="1508858081729" stop="1508858082170" status="passed">
            <name>TAF_HTTP_Tool_Functional_003</name>
            <title>Verify HttpResponse when calling HTTP tool delete</title>
            <description type="text">Make a delete call to URI and compare HttpResponse to expected response.</description>
            <steps>
                <step start="1508858081729" stop="1508858081729" status="passed">
                    <name>@BeforeMethod: setUp</name>
                    <attachments/>
                    <steps/>
                </step>
                <step start="1508858081737" stop="1508858081763" status="passed">
                    <name>instantiateHttpTool</name>
                    <title>instantiateHttpTool</title>
                    <attachments>
                        <attachment title="log.txt" source="6844b3a5-1278-4fc8-8526-d9a4ee373116-attachment.txt" type="text/plain"/>
                    </attachments>
                    <steps/>
                </step>
                <step start="1508858081763" stop="1508858082166" status="passed">
                    <name>requestDelete</name>
                    <title>requestDelete</title>
                    <attachments>
                        <attachment title="log.txt" source="38337337-e033-4372-a0ca-6c01b24f9e39-attachment.txt" type="text/plain"/>
                    </attachments>
                    <steps/>
                </step>
            </steps>
            <attachments>
                <attachment title="log.txt" source="49bb98c5-47cb-405c-beeb-b4e55095512d-attachment.txt" type="text/plain"/>
            </attachments>
            <labels>
                <label name="host" value="elx75030y62"/>
                <label name="thread" value="Http_Tool_Suite.1"/>
                <label name="story" value="CIP-613: As  a developer I want to design Test Case so it can be executed using REST"/>
                <label name="sprint"/>
                <label name="group" value="Functional Tests"/>
                <label name="feature" value="Other"/>
                <label name="severity" value="blocker"/>
                <label name="execution_type" value="automated"/>
                <label name="testId" value="TAF_HTTP_Tool_Functional_003"/>
            </labels>
        </test-case>
        <test-case start="1508858082528" stop="1508858082981" status="passed">
            <name>TAF_HTTP_Tool_Functional_001</name>
            <title>Verify HttpResponse when calling HTTP tool get</title>
            <description type="text">Make a get call to URI and compare HttpResponse to expected response.</description>
            <steps>
                <step start="1508858082528" stop="1508858082528" status="passed">
                    <name>@BeforeMethod: setUp</name>
                    <attachments/>
                    <steps/>
                </step>
                <step start="1508858082537" stop="1508858082548" status="passed">
                    <name>instantiateHttpTool</name>
                    <title>instantiateHttpTool</title>
                    <attachments>
                        <attachment title="log.txt" source="f1faa927-accd-4d7d-b41d-992d275786ca-attachment.txt" type="text/plain"/>
                    </attachments>
                    <steps/>
                </step>
                <step start="1508858082549" stop="1508858082978" status="passed">
                    <name>requestGet</name>
                    <title>requestGet</title>
                    <attachments>
                        <attachment title="log.txt" source="9ab424a7-b427-4d7f-8ad3-09aa447ad7aa-attachment.txt" type="text/plain"/>
                    </attachments>
                    <steps/>
                </step>
            </steps>
            <attachments>
                <attachment title="log.txt" source="84f869b2-edc2-4d6e-ae4d-d3aa6f8e6a28-attachment.txt" type="text/plain"/>
            </attachments>
            <labels>
                <label name="host" value="elx75030y62"/>
                <label name="thread" value="Http_Tool_Suite.1"/>
                <label name="story" value="CIP-613: As  a developer I want to design Test Case so it can be executed using REST"/>
                <label name="sprint"/>
                <label name="group" value="Functional Tests"/>
                <label name="feature" value="Other"/>
                <label name="severity" value="blocker"/>
                <label name="execution_type" value="automated"/>
                <label name="testId" value="TAF_HTTP_Tool_Functional_001"/>
            </labels>
        </test-case>
        <test-case start="1508858083335" stop="1508858083803" status="passed">
            <name>TAF_HTTP_Tool_Functional_002</name>
            <title>Verify HttpResponse when calling HTTP tool post</title>
            <description type="text">Make a post call to URI and compare HttpResponse to expected response.</description>
            <steps>
                <step start="1508858083335" stop="1508858083335" status="passed">
                    <name>@BeforeMethod: setUp</name>
                    <attachments/>
                    <steps/>
                </step>
                <step start="1508858083342" stop="1508858083351" status="passed">
                    <name>instantiateHttpTool</name>
                    <title>instantiateHttpTool</title>
                    <attachments>
                        <attachment title="log.txt" source="44d09e0f-e139-4461-bf8c-03bd9c93a319-attachment.txt" type="text/plain"/>
                    </attachments>
                    <steps/>
                </step>
                <step start="1508858083353" stop="1508858083798" status="passed">
                    <name>requestPost</name>
                    <title>requestPost</title>
                    <attachments>
                        <attachment title="log.txt" source="17be1920-a68f-40fa-822e-e751bc8e233d-attachment.txt" type="text/plain"/>
                    </attachments>
                    <steps/>
                </step>
            </steps>
            <attachments>
                <attachment title="log.txt" source="26461e67-9ef1-43b9-b36d-a150277a41a2-attachment.txt" type="text/plain"/>
            </attachments>
            <labels>
                <label name="host" value="elx75030y62"/>
                <label name="thread" value="Http_Tool_Suite.1"/>
                <label name="story" value="CIP-613: As  a developer I want to design Test Case so it can be executed using REST"/>
                <label name="sprint"/>
                <label name="group" value="Functional Tests"/>
                <label name="feature" value="Other"/>
                <label name="severity" value="blocker"/>
                <label name="execution_type" value="automated"/>
                <label name="testId" value="TAF_HTTP_Tool_Functional_002"/>
            </labels>
        </test-case>
        <test-case start="1508858084133" stop="1508858084617" status="passed">
            <name>TAF_HTTP_Tool_Functional_005</name>
            <title>Verify HttpResponse when calling HTTP tool put</title>
            <description type="text">Make a put call to URI and compare HttpResponse to expected response.</description>
            <steps>
                <step start="1508858084133" stop="1508858084133" status="passed">
                    <name>@BeforeMethod: setUp</name>
                    <attachments/>
                    <steps/>
                </step>
                <step start="1508858084141" stop="1508858084155" status="passed">
                    <name>instantiateHttpTool</name>
                    <title>instantiateHttpTool</title>
                    <attachments>
                        <attachment title="log.txt" source="82489800-eee3-4e18-ae78-bfd1485dc826-attachment.txt" type="text/plain"/>
                    </attachments>
                    <steps/>
                </step>
                <step start="1508858084157" stop="1508858084614" status="passed">
                    <name>requestPut</name>
                    <title>requestPut</title>
                    <attachments>
                        <attachment title="log.txt" source="7362021b-ea71-4396-8de1-0adc2ebb6c4b-attachment.txt" type="text/plain"/>
                    </attachments>
                    <steps/>
                </step>
            </steps>
            <attachments>
                <attachment title="log.txt" source="b44e6a33-70f4-4955-bf26-da06488c4f85-attachment.txt" type="text/plain"/>
            </attachments>
            <labels>
                <label name="host" value="elx75030y62"/>
                <label name="thread" value="Http_Tool_Suite.1"/>
                <label name="story" value="CIP-613: As  a developer I want to design Test Case so it can be executed using REST"/>
                <label name="sprint"/>
                <label name="group" value="Functional Tests"/>
                <label name="feature" value="Other"/>
                <label name="severity" value="blocker"/>
                <label name="execution_type" value="automated"/>
                <label name="testId" value="TAF_HTTP_Tool_Functional_005"/>
            </labels>
        </test-case>
        <test-case start="1508858084985" stop="1508858085439" status="passed">
            <name>TAF_HTTP_Tool_Functional_007</name>
            <title>Verify HttpResponse when using HTTP tool get method with parameters</title>
            <description type="text">Compare HttpResponse to expected response, after making get request with parameters
</description>
            <steps>
                <step start="1508858084985" stop="1508858084985" status="passed">
                    <name>@BeforeMethod: setUp</name>
                    <attachments/>
                    <steps/>
                </step>
                <step start="1508858084993" stop="1508858085003" status="passed">
                    <name>instantiateHttpTool</name>
                    <title>instantiateHttpTool</title>
                    <attachments>
                        <attachment title="log.txt" source="93e4426e-788c-402a-afb5-24196ea8ebe3-attachment.txt" type="text/plain"/>
                    </attachments>
                    <steps/>
                </step>
                <step start="1508858085004" stop="1508858085436" status="passed">
                    <name>queryWithParams</name>
                    <title>queryWithParams</title>
                    <attachments/>
                    <steps/>
                </step>
            </steps>
            <attachments>
                <attachment title="log.txt" source="5a3c44fc-0eeb-49b1-9591-c5ecd262e165-attachment.txt" type="text/plain"/>
            </attachments>
            <labels>
                <label name="host" value="elx75030y62"/>
                <label name="thread" value="Http_Tool_Suite.1"/>
                <label name="story" value="CIP-613: As  a developer I want to design Test Case so it can be executed using REST"/>
                <label name="sprint"/>
                <label name="group" value="Functional Tests"/>
                <label name="feature" value="Other"/>
                <label name="severity" value="blocker"/>
                <label name="execution_type" value="automated"/>
                <label name="testId" value="TAF_HTTP_Tool_Functional_007"/>
            </labels>
        </test-case>
        <test-case start="1508858085813" stop="1508858090518" status="passed">
            <name>TAF_HTTP_Tool_Functional_017</name>
            <title>Verify exception thrown when using HTTP tool with timeout</title>
            <description type="text">Verify exception thrown when using HTTP tool with timeout parameter set</description>
            <steps>
                <step start="1508858085813" stop="1508858085813" status="passed">
                    <name>@BeforeMethod: setUp</name>
                    <attachments/>
                    <steps/>
                </step>
                <step start="1508858085821" stop="1508858085833" status="passed">
                    <name>instantiateHttpTool</name>
                    <title>instantiateHttpTool</title>
                    <attachments>
                        <attachment title="log.txt" source="bf933f89-106e-4470-bb6c-c35041307e1a-attachment.txt" type="text/plain"/>
                    </attachments>
                    <steps/>
                </step>
                <step start="1508858085833" stop="1508858088291" status="passed">
                    <name>requestSmallTimeout</name>
                    <title>requestSmallTimeout</title>
                    <attachments/>
                    <steps/>
                </step>
                <step start="1508858088291" stop="1508858090510" status="passed">
                    <name>requestWithTimeout</name>
                    <title>requestWithTimeout</title>
                    <attachments/>
                    <steps/>
                </step>
            </steps>
            <attachments>
                <attachment title="log.txt" source="2eec53ec-84ee-411c-a033-f2b50bbadb98-attachment.txt" type="text/plain"/>
            </attachments>
            <labels>
                <label name="host" value="elx75030y62"/>
                <label name="thread" value="Http_Tool_Suite.1"/>
                <label name="story" value="CIP-613: As  a developer I want to design Test Case so it can be executed using REST"/>
                <label name="sprint"/>
                <label name="group" value="Functional Tests"/>
                <label name="feature" value="Other"/>
                <label name="severity" value="blocker"/>
                <label name="execution_type" value="automated"/>
                <label name="testId" value="TAF_HTTP_Tool_Functional_017"/>
            </labels>
        </test-case>
    </test-cases>
    <labels>
        <label name="framework" value="TAF"/>
        <label name="language" value="JAVA"/>
    </labels>
</ns2:test-suite>
