<?xml version="1.0" encoding="UTF-8" standalone="yes"?>
<ns2:test-suite start="1508417017155" stop="1508417027905" version="1.4.16" xmlns:ns2="urn:model.allure.qatools.yandex.ru">
    <name>Http_Tool_Suite</name>
    <title>Http_Tool_Suite</title>
    <test-cases>
        <test-case start="1508417019196" stop="1508417020751" status="passed">
            <name>TAF_HTTP_Tool_Functional_016</name>
            <title>Verify HttpResponse when using HTTP tool with basic authentication</title>
            <description type="text">Compare Response code to expected response code, after making request generated using RequestBuilder and basic authentication.
</description>
            <steps>
                <step start="1508417019196" stop="1508417019196" status="passed">
                    <name>@BeforeSuite: installHttpBin</name>
                    <attachments/>
                    <steps/>
                </step>
                <step start="1508417019196" stop="1508417019196" status="passed">
                    <name>@BeforeMethod: setUp</name>
                    <attachments/>
                    <steps/>
                </step>
                <step start="1508417019981" stop="1508417020330" status="passed">
                    <name>instantiateHttpTool</name>
                    <title>instantiateHttpTool</title>
                    <attachments>
                        <attachment title="log.txt" source="bd81f7e3-dd2e-4774-be36-944837975289-attachment.txt" type="text/plain"/>
                    </attachments>
                    <steps/>
                </step>
                <step start="1508417020335" stop="1508417020508" status="passed">
                    <name>authenticateWrongCredentials</name>
                    <title>authenticateWrongCredentials</title>
                    <attachments/>
                    <steps/>
                </step>
                <step start="1508417020517" stop="1508417020697" status="passed">
                    <name>authenticate</name>
                    <title>authenticate</title>
                    <attachments/>
                    <steps/>
                </step>
            </steps>
            <attachments>
                <attachment title="log.txt" source="8d8588b3-a28c-48b0-84c7-29a9541c2fbf-attachment.txt" type="text/plain"/>
            </attachments>
            <labels>
                <label name="host" value="elx75030y62"/>
                <label name="thread" value="Http_Tool_Suite.1"/>
                <label name="story" value="CIP-613: As  a developer I want to design Test Case so it can be executed using REST"/>
                <label name="sprint"/>
                <label name="group" value="Functional Tests"/>
                <label name="feature" value="Other"/>
                <label name="severity" value="blocker"/>
                <label name="execution_type" value="automated"/>
                <label name="testId" value="TAF_HTTP_Tool_Functional_016"/>
            </labels>
        </test-case>
        <test-case start="1508417020945" stop="1508417021258" status="passed">
            <name>TAF_HTTP_Tool_Functional_003</name>
            <title>Verify HttpResponse when calling HTTP tool delete</title>
            <description type="text">Make a delete call to URI and compare HttpResponse to expected response.</description>
            <steps>
                <step start="1508417020945" stop="1508417020945" status="passed">
                    <name>@BeforeMethod: setUp</name>
                    <attachments/>
                    <steps/>
                </step>
                <step start="1508417020997" stop="1508417021030" status="passed">
                    <name>instantiateHttpTool</name>
                    <title>instantiateHttpTool</title>
                    <attachments>
                        <attachment title="log.txt" source="7fc20fec-0b0b-41ca-8f16-06e694ea7829-attachment.txt" type="text/plain"/>
                    </attachments>
                    <steps/>
                </step>
                <step start="1508417021030" stop="1508417021229" status="passed">
                    <name>requestDelete</name>
                    <title>requestDelete</title>
                    <attachments>
                        <attachment title="log.txt" source="220efc42-d660-4a3e-bc15-f5864ea2eacc-attachment.txt" type="text/plain"/>
                    </attachments>
                    <steps/>
                </step>
            </steps>
            <attachments>
                <attachment title="log.txt" source="e459d08f-c65d-4670-84bb-7959f3a4db7d-attachment.txt" type="text/plain"/>
            </attachments>
            <labels>
                <label name="host" value="elx75030y62"/>
                <label name="thread" value="Http_Tool_Suite.1"/>
                <label name="story" value="CIP-613: As  a developer I want to design Test Case so it can be executed using REST"/>
                <label name="sprint"/>
                <label name="group" value="Functional Tests"/>
                <label name="feature" value="Other"/>
                <label name="severity" value="blocker"/>
                <label name="execution_type" value="automated"/>
                <label name="testId" value="TAF_HTTP_Tool_Functional_003"/>
            </labels>
        </test-case>
        <test-case start="1508417021493" stop="1508417021726" status="passed">
            <name>TAF_HTTP_Tool_Functional_001</name>
            <title>Verify HttpResponse when calling HTTP tool get</title>
            <description type="text">Make a get call to URI and compare HttpResponse to expected response.</description>
            <steps>
                <step start="1508417021493" stop="1508417021493" status="passed">
                    <name>@BeforeMethod: setUp</name>
                    <attachments/>
                    <steps/>
                </step>
                <step start="1508417021524" stop="1508417021538" status="passed">
                    <name>instantiateHttpTool</name>
                    <title>instantiateHttpTool</title>
                    <attachments>
                        <attachment title="log.txt" source="570336b5-7009-4df6-9a44-03dbd29da609-attachment.txt" type="text/plain"/>
                    </attachments>
                    <steps/>
                </step>
                <step start="1508417021538" stop="1508417021703" status="passed">
                    <name>requestGet</name>
                    <title>requestGet</title>
                    <attachments>
                        <attachment title="log.txt" source="a35b84e4-c96f-42cb-a66e-3a430b05b88e-attachment.txt" type="text/plain"/>
                    </attachments>
                    <steps/>
                </step>
            </steps>
            <attachments>
                <attachment title="log.txt" source="1707bdc2-5098-44ef-b39d-2829b98888c5-attachment.txt" type="text/plain"/>
            </attachments>
            <labels>
                <label name="host" value="elx75030y62"/>
                <label name="thread" value="Http_Tool_Suite.1"/>
                <label name="story" value="CIP-613: As  a developer I want to design Test Case so it can be executed using REST"/>
                <label name="sprint"/>
                <label name="group" value="Functional Tests"/>
                <label name="feature" value="Other"/>
                <label name="severity" value="blocker"/>
                <label name="execution_type" value="automated"/>
                <label name="testId" value="TAF_HTTP_Tool_Functional_001"/>
            </labels>
        </test-case>
        <test-case start="1508417021934" stop="1508417022229" status="passed">
            <name>TAF_HTTP_Tool_Functional_002</name>
            <title>Verify HttpResponse when calling HTTP tool post</title>
            <description type="text">Make a post call to URI and compare HttpResponse to expected response.</description>
            <steps>
                <step start="1508417021934" stop="1508417021934" status="passed">
                    <name>@BeforeMethod: setUp</name>
                    <attachments/>
                    <steps/>
                </step>
                <step start="1508417021979" stop="1508417021991" status="passed">
                    <name>instantiateHttpTool</name>
                    <title>instantiateHttpTool</title>
                    <attachments>
                        <attachment title="log.txt" source="0362f2b5-0eed-47df-bf85-db126f8fb124-attachment.txt" type="text/plain"/>
                    </attachments>
                    <steps/>
                </step>
                <step start="1508417021991" stop="1508417022204" status="passed">
                    <name>requestPost</name>
                    <title>requestPost</title>
                    <attachments>
                        <attachment title="log.txt" source="e704655c-058c-425c-8fb6-34a30497c653-attachment.txt" type="text/plain"/>
                    </attachments>
                    <steps/>
                </step>
            </steps>
            <attachments>
                <attachment title="log.txt" source="848bb310-3ede-4477-83e0-05dad3920e71-attachment.txt" type="text/plain"/>
            </attachments>
            <labels>
                <label name="host" value="elx75030y62"/>
                <label name="thread" value="Http_Tool_Suite.1"/>
                <label name="story" value="CIP-613: As  a developer I want to design Test Case so it can be executed using REST"/>
                <label name="sprint"/>
                <label name="group" value="Functional Tests"/>
                <label name="feature" value="Other"/>
                <label name="severity" value="blocker"/>
                <label name="execution_type" value="automated"/>
                <label name="testId" value="TAF_HTTP_Tool_Functional_002"/>
            </labels>
        </test-case>
        <test-case start="1508417022448" stop="1508417022841" status="passed">
            <name>TAF_HTTP_Tool_Functional_005</name>
            <title>Verify HttpResponse when calling HTTP tool put</title>
            <description type="text">Make a put call to URI and compare HttpResponse to expected response.</description>
            <steps>
                <step start="1508417022448" stop="1508417022448" status="passed">
                    <name>@BeforeMethod: setUp</name>
                    <attachments/>
                    <steps/>
                </step>
                <step start="1508417022583" stop="1508417022597" status="passed">
                    <name>instantiateHttpTool</name>
                    <title>instantiateHttpTool</title>
                    <attachments>
                        <attachment title="log.txt" source="c04e3aca-e1be-4015-936e-c6c2a4dc3573-attachment.txt" type="text/plain"/>
                    </attachments>
                    <steps/>
                </step>
                <step start="1508417022598" stop="1508417022833" status="passed">
                    <name>requestPut</name>
                    <title>requestPut</title>
                    <attachments>
                        <attachment title="log.txt" source="4c244e4b-49db-43d5-9d58-c2ababd98500-attachment.txt" type="text/plain"/>
                    </attachments>
                    <steps/>
                </step>
            </steps>
            <attachments>
                <attachment title="log.txt" source="82a1a933-57a4-44f4-a9d3-5461fd2774c8-attachment.txt" type="text/plain"/>
            </attachments>
            <labels>
                <label name="host" value="elx75030y62"/>
                <label name="thread" value="Http_Tool_Suite.1"/>
                <label name="story" value="CIP-613: As  a developer I want to design Test Case so it can be executed using REST"/>
                <label name="sprint"/>
                <label name="group" value="Functional Tests"/>
                <label name="feature" value="Other"/>
                <label name="severity" value="blocker"/>
                <label name="execution_type" value="automated"/>
                <label name="testId" value="TAF_HTTP_Tool_Functional_005"/>
            </labels>
        </test-case>
        <test-case start="1508417023059" stop="1508417023346" status="passed">
            <name>TAF_HTTP_Tool_Functional_007</name>
            <title>Verify HttpResponse when using HTTP tool get method with parameters</title>
            <description type="text">Compare HttpResponse to expected response, after making get request with parameters
</description>
            <steps>
                <step start="1508417023059" stop="1508417023059" status="passed">
                    <name>@BeforeMethod: setUp</name>
                    <attachments/>
                    <steps/>
                </step>
                <step start="1508417023101" stop="1508417023137" status="passed">
                    <name>instantiateHttpTool</name>
                    <title>instantiateHttpTool</title>
                    <attachments>
                        <attachment title="log.txt" source="99d4e544-a541-433a-a60c-4be3f3b1477e-attachment.txt" type="text/plain"/>
                    </attachments>
                    <steps/>
                </step>
                <step start="1508417023138" stop="1508417023333" status="passed">
                    <name>queryWithParams</name>
                    <title>queryWithParams</title>
                    <attachments/>
                    <steps/>
                </step>
            </steps>
            <attachments>
                <attachment title="log.txt" source="3978f4b2-533b-4104-9ffe-d42bb18674a8-attachment.txt" type="text/plain"/>
            </attachments>
            <labels>
                <label name="host" value="elx75030y62"/>
                <label name="thread" value="Http_Tool_Suite.1"/>
                <label name="story" value="CIP-613: As  a developer I want to design Test Case so it can be executed using REST"/>
                <label name="sprint"/>
                <label name="group" value="Functional Tests"/>
                <label name="feature" value="Other"/>
                <label name="severity" value="blocker"/>
                <label name="execution_type" value="automated"/>
                <label name="testId" value="TAF_HTTP_Tool_Functional_007"/>
            </labels>
        </test-case>
        <test-case start="1508417023518" stop="1508417027900" status="passed">
            <name>TAF_HTTP_Tool_Functional_017</name>
            <title>Verify exception thrown when using HTTP tool with timeout</title>
            <description type="text">Verify exception thrown when using HTTP tool with timeout parameter set</description>
            <steps>
                <step start="1508417023519" stop="1508417023519" status="passed">
                    <name>@BeforeMethod: setUp</name>
                    <attachments/>
                    <steps/>
                </step>
                <step start="1508417023546" stop="1508417023594" status="passed">
                    <name>instantiateHttpTool</name>
                    <title>instantiateHttpTool</title>
                    <attachments>
                        <attachment title="log.txt" source="d4162dfe-f6db-45fc-86a5-516c746df232-attachment.txt" type="text/plain"/>
                    </attachments>
                    <steps/>
                </step>
                <step start="1508417023599" stop="1508417025799" status="passed">
                    <name>requestSmallTimeout</name>
                    <title>requestSmallTimeout</title>
                    <attachments/>
                    <steps/>
                </step>
                <step start="1508417025800" stop="1508417027896" status="passed">
                    <name>requestWithTimeout</name>
                    <title>requestWithTimeout</title>
                    <attachments/>
                    <steps/>
                </step>
            </steps>
            <attachments>
                <attachment title="log.txt" source="a2025e0b-2a7d-4273-92f1-eb20b8cee6ce-attachment.txt" type="text/plain"/>
            </attachments>
            <labels>
                <label name="host" value="elx75030y62"/>
                <label name="thread" value="Http_Tool_Suite.1"/>
                <label name="story" value="CIP-613: As  a developer I want to design Test Case so it can be executed using REST"/>
                <label name="sprint"/>
                <label name="group" value="Functional Tests"/>
                <label name="feature" value="Other"/>
                <label name="severity" value="blocker"/>
                <label name="execution_type" value="automated"/>
                <label name="testId" value="TAF_HTTP_Tool_Functional_017"/>
            </labels>
        </test-case>
    </test-cases>
    <labels>
        <label name="framework" value="TAF"/>
        <label name="language" value="JAVA"/>
    </labels>
</ns2:test-suite>
