{
  "features" : [ {
    "title" : "Without feature",
    "statistic" : {
      "total" : 2,
      "passed" : 0,
      "pending" : 0,
      "canceled" : 0,
      "failed" : 0,
      "broken" : 2
    },
    "stories" : [ {
      "uid" : "2904f3b508cd62b2",
      "title" : "Without story",
      "statistic" : {
        "total" : 2,
        "passed" : 0,
        "pending" : 0,
        "canceled" : 0,
        "failed" : 0,
        "broken" : 2
      },
      "testCases" : [ {
        "uid" : "bd493224a547980b",
        "name" : "AutoProvisioning.xml",
        "title" : "AutoProvisioning.xml",
        "time" : {
          "start" : 1492668830359,
          "stop" : 1492668830359,
          "duration" : 0
        },
        "severity" : "BLOCKER",
        "status" : "BROKEN"
      }, {
        "uid" : "8dac6ae150672a0e",
        "name" : "AutoProvisioning - Odin_ScrumU",
        "title" : "AutoProvisioning - Odin_ScrumU",
        "time" : {
          "start" : 1492668821548,
          "stop" : 1492668823322,
          "duration" : 1774
        },
        "severity" : "NORMAL",
        "status" : "BROKEN"
      } ]
    } ]
  } ]
}