{
  "uid" : "c33ffdea270969d5",
  "name" : "AutoProvisioning.xml",
  "title" : "AutoProvisioning.xml",
  "time" : {
    "start" : 1492668830359,
    "stop" : 1492668830359,
    "duration" : 0
  },
  "summary" : {
    "attachments" : 0,
    "steps" : 0
  },
  "failure" : {
    "message" : "Suite \"AutoProvisioning.xml\" is skipped due to failed execution",
    "stackTrace" : null
  },
  "description" : null,
  "severity" : "BLOCKER",
  "status" : "BROKEN",
  "testId" : null,
  "suite" : {
    "uid" : "687101f50cf3455a",
    "name" : "Failed to get executed",
    "title" : "Failed to get executed"
  },
  "steps" : [ ],
  "attachments" : [ ],
  "issues" : [ ],
  "labels" : [ {
    "name" : "suite-name",
    "value" : "Failed to get executed"
  }, {
    "name" : "suite-title",
    "value" : "Failed to get executed"
  }, {
    "name" : "severity",
    "value" : "blocker"
  } ],
  "parameters" : [ ]
}