[ {
  "title" : "Title",
  "component" : "Component",
  "result" : "Result",
  "group" : "Group",
  "requirement" : "Requirement",
  "defect" : "Defect",
  "comment" : "Comment",
  "executionType" : "Execution type",
  "priority" : "Priority",
  "sprint" : "Sprint",
  "suite" : "Suite"
}, {
  "title" : "AutoProvisioning.xml",
  "component" : "",
  "result" : "broken",
  "group" : "",
  "requirement" : "",
  "defect" : "",
  "comment" : "",
  "executionType" : "",
  "priority" : "blocker",
  "sprint" : "",
  "suite" : "Failed to get executed"
}, {
  "title" : "AutoProvisioning - Odin_ScrumU",
  "component" : "",
  "result" : "broken",
  "group" : "",
  "requirement" : "",
  "defect" : "",
  "comment" : "",
  "executionType" : "",
  "priority" : "normal",
  "sprint" : "",
  "suite" : "AutoProvisioning - Odin_ScrumU"
} ]