{
  "uid" : "d55004b2e87ce7e2",
  "name" : "AutoProvisioning - Odin_ScrumU",
  "title" : "AutoProvisioning - Odin_ScrumU",
  "time" : {
    "start" : 1492668821548,
    "stop" : 1492668823322,
    "duration" : 1774
  },
  "summary" : {
    "attachments" : 0,
    "steps" : 0
  },
  "failure" : {
    "message" : "Test suite was interrupted, some test cases may be lost",
    "stackTrace" : null
  },
  "description" : null,
  "severity" : "NORMAL",
  "status" : "BROKEN",
  "testId" : null,
  "suite" : {
    "uid" : "2e4728a8268ae0ae",
    "name" : "AutoProvisioning - Odin_ScrumU",
    "title" : "AutoProvisioning - Odin_ScrumU"
  },
  "steps" : [ ],
  "attachments" : [ ],
  "issues" : [ ],
  "labels" : [ {
    "name" : "language",
    "value" : "JAVA"
  }, {
    "name" : "suite-name",
    "value" : "AutoProvisioning - Odin_ScrumU"
  }, {
    "name" : "suite-title",
    "value" : "AutoProvisioning - Odin_ScrumU"
  }, {
    "name" : "framework",
    "value" : "TAF"
  } ],
  "parameters" : [ ]
}