{
  "defectsList" : [ {
    "title" : "Product defects",
    "status" : "FAILED",
    "defects" : [ ]
  }, {
    "title" : "Test defects",
    "status" : "BROKEN",
    "defects" : [ {
      "uid" : "37d3ede414d0c1a5",
      "failure" : {
        "message" : "Suite \"AutoProvisioning.xml\" is skipped due to failed execution",
        "stackTrace" : null
      },
      "testCases" : [ {
        "uid" : "bd493224a547980b",
        "name" : "AutoProvisioning.xml",
        "title" : "AutoProvisioning.xml",
        "time" : {
          "start" : 1492668830359,
          "stop" : 1492668830359,
          "duration" : 0
        },
        "severity" : "BLOCKER",
        "status" : "BROKEN"
      } ]
    }, {
      "uid" : "ed21d85ed49f4863",
      "failure" : {
        "message" : "Test suite was interrupted, some test cases may be lost",
        "stackTrace" : null
      },
      "testCases" : [ {
        "uid" : "8dac6ae150672a0e",
        "name" : "AutoProvisioning - Odin_ScrumU",
        "title" : "AutoProvisioning - Odin_ScrumU",
        "time" : {
          "start" : 1492668821548,
          "stop" : 1492668823322,
          "duration" : 1774
        },
        "severity" : "NORMAL",
        "status" : "BROKEN"
      } ]
    } ]
  } ]
}