{
  "BLOCKER" : {
    "uid" : "d2fbee0169b060ad",
    "severity" : "BLOCKER",
    "testCasesCount" : 1,
    "suitesMap" : {
      "BLOCKER:b1ae8d7502cd2a3b" : {
        "uid" : "b1ae8d7502cd2a3b",
        "name" : "Failed to get executed",
        "title" : "Failed to get executed",
        "testCases" : [ {
          "uid" : "bd493224a547980b",
          "name" : "AutoProvisioning.xml",
          "title" : "AutoProvisioning.xml",
          "time" : {
            "start" : 1492668830359,
            "stop" : 1492668830359,
            "duration" : 0
          },
          "severity" : "BLOCKER",
          "status" : "BROKEN"
        } ],
        "testCasesCount" : 1
      }
    }
  },
  "NORMAL" : {
    "uid" : "728bdadb7a37b0f8",
    "severity" : "NORMAL",
    "testCasesCount" : 1,
    "suitesMap" : {
      "NORMAL:eecd59c7bc663f2c" : {
        "uid" : "eecd59c7bc663f2c",
        "name" : "AutoProvisioning - Odin_ScrumU",
        "title" : "AutoProvisioning - Odin_ScrumU",
        "testCases" : [ {
          "uid" : "8dac6ae150672a0e",
          "name" : "AutoProvisioning - Odin_ScrumU",
          "title" : "AutoProvisioning - Odin_ScrumU",
          "time" : {
            "start" : 1492668821548,
            "stop" : 1492668823322,
            "duration" : 1774
          },
          "severity" : "NORMAL",
          "status" : "BROKEN"
        } ],
        "testCasesCount" : 1
      }
    }
  }
}