{
  "hash" : "9ae4a52f46fbba0c959575303f697deb73e72d63",
  "data" : [ {
    "statistic" : {
      "total" : 2,
      "passed" : 0,
      "pending" : 0,
      "canceled" : 0,
      "failed" : 0,
      "broken" : 2
    },
    "time" : {
      "start" : 1492668821548,
      "stop" : 1492668830359,
      "duration" : 8811
    },
    "name" : "total",
    "type" : "TOTAL"
  }, {
    "name" : "defects",
    "type" : "DEFECTS",
    "data" : [ {
      "count" : 1,
      "message" : "Suite \"AutoProvisioning.xml\" is skipped due to failed execution",
      "status" : "BROKEN"
    }, {
      "count" : 1,
      "message" : "Test suite was interrupted, some test cases may be lost",
      "status" : "BROKEN"
    } ]
  }, {
    "name" : "xunit",
    "type" : "TITLE_STATISTICS",
    "data" : [ {
      "title" : "Failed to get executed",
      "statistic" : {
        "total" : 1,
        "passed" : 0,
        "pending" : 0,
        "canceled" : 0,
        "failed" : 0,
        "broken" : 1
      }
    }, {
      "title" : "AutoProvisioning - Odin_ScrumU",
      "statistic" : {
        "total" : 1,
        "passed" : 0,
        "pending" : 0,
        "canceled" : 0,
        "failed" : 0,
        "broken" : 1
      }
    } ]
  }, {
    "name" : "behaviors",
    "type" : "TITLE_STATISTICS",
    "data" : [ {
      "title" : "Without feature",
      "statistic" : {
        "total" : 2,
        "passed" : 0,
        "pending" : 0,
        "canceled" : 0,
        "failed" : 0,
        "broken" : 2
      }
    } ]
  }, {
    "name" : "environment",
    "type" : "KEY_VALUE",
    "data" : [ {
      "key" : "SUT",
      "value" : "localhost"
    } ]
  } ]
}