{
  "time" : {
    "start" : 1492668821548,
    "stop" : 1492668830359,
    "duration" : 8811
  },
  "testSuites" : [ {
    "uid" : "b1ae8d7502cd2a3b",
    "name" : "Failed to get executed",
    "title" : "Failed to get executed",
    "time" : {
      "start" : 1492668830359,
      "stop" : 1492668830359,
      "duration" : 0
    },
    "statistic" : {
      "total" : 1,
      "passed" : 0,
      "pending" : 0,
      "canceled" : 0,
      "failed" : 0,
      "broken" : 1
    },
    "description" : null,
    "testCases" : [ {
      "uid" : "bd493224a547980b",
      "name" : "AutoProvisioning.xml",
      "title" : "AutoProvisioning.xml",
      "time" : {
        "start" : 1492668830359,
        "stop" : 1492668830359,
        "duration" : 0
      },
      "severity" : "BLOCKER",
      "status" : "BROKEN"
    } ]
  }, {
    "uid" : "eecd59c7bc663f2c",
    "name" : "AutoProvisioning - Odin_ScrumU",
    "title" : "AutoProvisioning - Odin_ScrumU",
    "time" : {
      "start" : 1492668821548,
      "stop" : 1492668823322,
      "duration" : 1774
    },
    "statistic" : {
      "total" : 1,
      "passed" : 0,
      "pending" : 0,
      "canceled" : 0,
      "failed" : 0,
      "broken" : 1
    },
    "description" : null,
    "testCases" : [ {
      "uid" : "8dac6ae150672a0e",
      "name" : "AutoProvisioning - Odin_ScrumU",
      "title" : "AutoProvisioning - Odin_ScrumU",
      "time" : {
        "start" : 1492668821548,
        "stop" : 1492668823322,
        "duration" : 1774
      },
      "severity" : "NORMAL",
      "status" : "BROKEN"
    } ]
  } ]
}